{
    "epoch_0": {
        "training_loss": {
            "train_loss": 0.18783022423863782,
            "train_iou": 0.504690408706665,
            "train_map": 0.09517931295724737
        },
        "validation_loss": null,
        "validation_iou": 0.5016997456550598,
        "validation_map": 0.09117507384780393
    },
    "epoch_1": {
        "training_loss": {
            "train_loss": 0.1319415333602473,
            "train_iou": 0.5399925112724304,
            "train_map": 0.20924674367512758
        },
        "validation_loss": null,
        "validation_iou": 0.5280114412307739,
        "validation_map": 0.19473521972769578
    },
    "epoch_2": {
        "training_loss": {
            "train_loss": 0.11698305137989305,
            "train_iou": 0.5410007834434509,
            "train_map": 0.27851892922831284
        },
        "validation_loss": null,
        "validation_iou": 0.533400297164917,
        "validation_map": 0.2675574840335954
    },
    "epoch_3": {
        "training_loss": {
            "train_loss": 0.11052457406838363,
            "train_iou": 0.5664321184158325,
            "train_map": 0.2641830389545697
        },
        "validation_loss": null,
        "validation_iou": 0.5404728651046753,
        "validation_map": 0.2579518240467808
    },
    "epoch_4": {
        "training_loss": {
            "train_loss": 0.10548756514150777,
            "train_iou": 0.5579584836959839,
            "train_map": 0.293696614000589
        },
        "validation_loss": null,
        "validation_iou": 0.5416055917739868,
        "validation_map": 0.2843579525921759
    },
    "epoch_5": {
        "training_loss": {
            "train_loss": 0.10059099225472438,
            "train_iou": 0.577010452747345,
            "train_map": 0.2357944487818636
        },
        "validation_loss": null,
        "validation_iou": 0.5595742464065552,
        "validation_map": 0.22847695773434631
    },
    "epoch_6": {
        "training_loss": {
            "train_loss": 0.10078814657074268,
            "train_iou": 0.5623894333839417,
            "train_map": 0.2967958198667477
        },
        "validation_loss": null,
        "validation_iou": 0.5426850318908691,
        "validation_map": 0.2791715043990529
    },
    "epoch_7": {
        "training_loss": {
            "train_loss": 0.10430615015815352,
            "train_iou": 0.5696204304695129,
            "train_map": 0.3374624022387767
        },
        "validation_loss": null,
        "validation_iou": 0.5399655699729919,
        "validation_map": 0.32875396246148675
    },
    "epoch_8": {
        "training_loss": {
            "train_loss": 0.09445814594533584,
            "train_iou": 0.5857211947441101,
            "train_map": 0.35460019904925544
        },
        "validation_loss": null,
        "validation_iou": 0.5539187788963318,
        "validation_map": 0.33802611897272095
    },
    "epoch_9": {
        "training_loss": {
            "train_loss": 0.09391574458889315,
            "train_iou": 0.5837399959564209,
            "train_map": 0.29060027084074597
        },
        "validation_loss": null,
        "validation_iou": 0.5488452315330505,
        "validation_map": 0.27649245643784476
    },
    "epoch_10": {
        "training_loss": {
            "train_loss": 0.08823339722331068,
            "train_iou": 0.5892886519432068,
            "train_map": 0.3568762449563524
        },
        "validation_loss": null,
        "validation_iou": 0.5478689670562744,
        "validation_map": 0.33562963683787495
    },
    "epoch_11": {
        "training_loss": {
            "train_loss": 0.0968894643181024,
            "train_iou": 0.549811840057373,
            "train_map": 0.33842661714262007
        },
        "validation_loss": null,
        "validation_iou": 0.5106142163276672,
        "validation_map": 0.32699904311929573
    },
    "epoch_12": {
        "training_loss": {
            "train_loss": 0.08945667634593364,
            "train_iou": 0.5780513286590576,
            "train_map": 0.41020951301806086
        },
        "validation_loss": null,
        "validation_iou": 0.5369765162467957,
        "validation_map": 0.38828635294047925
    },
    "epoch_13": {
        "training_loss": {
            "train_loss": 0.08593559239024871,
            "train_iou": 0.5713933110237122,
            "train_map": 0.4740760329419721
        },
        "validation_loss": null,
        "validation_iou": 0.5335398316383362,
        "validation_map": 0.4421102057327786
    },
    "epoch_14": {
        "training_loss": {
            "train_loss": 0.08455337911867464,
            "train_iou": 0.5742294192314148,
            "train_map": 0.39349667129816074
        },
        "validation_loss": null,
        "validation_iou": 0.526783287525177,
        "validation_map": 0.3628015592821418
    },
    "epoch_15": {
        "training_loss": {
            "train_loss": 0.08216624277588734,
            "train_iou": 0.5983433127403259,
            "train_map": 0.33008249786312055
        },
        "validation_loss": null,
        "validation_iou": 0.5376176834106445,
        "validation_map": 0.3203673787108252
    },
    "epoch_16": {
        "training_loss": {
            "train_loss": 0.08268015762077313,
            "train_iou": 0.5914045572280884,
            "train_map": 0.37544751010672917
        },
        "validation_loss": null,
        "validation_iou": 0.5376313924789429,
        "validation_map": 0.3453624039653357
    },
    "epoch_17": {
        "training_loss": {
            "train_loss": 0.07678465161623427,
            "train_iou": 0.5981318950653076,
            "train_map": 0.4136903648985856
        },
        "validation_loss": null,
        "validation_iou": 0.5411056280136108,
        "validation_map": 0.4058822009974921
    },
    "epoch_18": {
        "training_loss": {
            "train_loss": 0.07536452585059535,
            "train_iou": 0.6115333437919617,
            "train_map": 0.37203763437777065
        },
        "validation_loss": null,
        "validation_iou": 0.5390636324882507,
        "validation_map": 0.3536823242830525
    },
    "epoch_19": {
        "training_loss": {
            "train_loss": 0.06886440864836686,
            "train_iou": 0.5824427604675293,
            "train_map": 0.5236903796529672
        },
        "validation_loss": null,
        "validation_iou": 0.4981679618358612,
        "validation_map": 0.4647701880104793
    },
    "epoch_20": {
        "training_loss": {
            "train_loss": 0.068258574360117,
            "train_iou": 0.6113675832748413,
            "train_map": 0.46856453675440435
        },
        "validation_loss": null,
        "validation_iou": 0.5350823998451233,
        "validation_map": 0.4300329625875744
    },
    "epoch_21": {
        "training_loss": {
            "train_loss": 0.06592639919219545,
            "train_iou": 0.6258412599563599,
            "train_map": 0.382943965019981
        },
        "validation_loss": null,
        "validation_iou": 0.5489447712898254,
        "validation_map": 0.3612989384741707
    },
    "epoch_22": {
        "training_loss": {
            "train_loss": 0.06425142454163307,
            "train_iou": 0.6209529042243958,
            "train_map": 0.4732258930311407
        },
        "validation_loss": null,
        "validation_iou": 0.5327177047729492,
        "validation_map": 0.4336767858862376
    },
    "epoch_23": {
        "training_loss": {
            "train_loss": 0.06024863654486487,
            "train_iou": 0.6304298639297485,
            "train_map": 0.48750888759749594
        },
        "validation_loss": null,
        "validation_iou": 0.5393851399421692,
        "validation_map": 0.4534462604547557
    },
    "epoch_24": {
        "training_loss": {
            "train_loss": 0.05858143857706373,
            "train_iou": 0.6208785176277161,
            "train_map": 0.453167400824162
        },
        "validation_loss": null,