{
    "epoch_0": {
        "training_loss": {
            "train_loss": 0.596692294329749,
            "train_iou": 0.8079999089241028,
            "train_map": 0.08816382811843275
        },
        "validation_loss": null,
        "validation_iou": 0.7417834401130676,
        "validation_map": 0.06487950943561384
    },
    "epoch_1": {
        "training_loss": {
            "train_loss": 0.34515912469485066,
            "train_iou": 0.8769437074661255,
            "train_map": 0.1898908145990051
        },
        "validation_loss": null,
        "validation_iou": 0.7714084386825562,
        "validation_map": 0.1351620754399352
    },
    "epoch_2": {
        "training_loss": {
            "train_loss": 0.25649811802367417,
            "train_iou": 0.901261031627655,
            "train_map": 0.19535125440154053
        },
        "validation_loss": null,
        "validation_iou": 0.8098540306091309,
        "validation_map": 0.13475534799660183
    },
    "epoch_3": {
        "training_loss": {
            "train_loss": 0.1988955345219883,
            "train_iou": 0.8981907367706299,
            "train_map": 0.27438072584996764
        },
        "validation_loss": null,
        "validation_iou": 0.7908065915107727,
        "validation_map": 0.18244406732656027
    },
    "epoch_4": {
        "training_loss": {
            "train_loss": 0.16238346513506996,
            "train_iou": 0.9016261100769043,
            "train_map": 0.31787181680835774
        },
        "validation_loss": null,
        "validation_iou": 0.7940688729286194,
        "validation_map": 0.21032652535558677
    },
    "epoch_5": {
        "training_loss": {
            "train_loss": 0.13628147046918407,
            "train_iou": 0.8921871781349182,
            "train_map": 0.30959692462770216
        },
        "validation_loss": null,
        "validation_iou": 0.804225504398346,
        "validation_map": 0.1936162611832911
    },
    "epoch_6": {
        "training_loss": {
            "train_loss": 0.1284752542165906,
            "train_iou": 0.8977444767951965,
            "train_map": 0.3817748856361727
        },
        "validation_loss": null,
        "validation_iou": 0.7853080630302429,
        "validation_map": 0.21809178630123163
    },
    "epoch_7": {
        "training_loss": {
            "train_loss": 0.11157878454748808,
            "train_iou": 0.8959679007530212,
            "train_map": 0.40857886696188594
        },
        "validation_loss": null,
        "validation_iou": 0.7859916090965271,
        "validation_map": 0.22303589793555098
    },
    "epoch_8": {
        "training_loss": {
            "train_loss": 0.10383727166621019,
            "train_iou": 0.8982669711112976,
            "train_map": 0.34657709667750464
        },
        "validation_loss": null,
        "validation_iou": 0.7826603651046753,
        "validation_map": 0.2391285454830878
    },
    "epoch_9": {
        "training_loss": {
            "train_loss": 0.09793744150196432,
            "train_iou": 0.9024381041526794,
            "train_map": 0.3450940266423987
        },
        "validation_loss": null,
        "validation_iou": 0.7990428805351257,
        "validation_map": 0.2025687570982084
    },
    "epoch_10": {
        "training_loss": {
            "train_loss": 0.09465883919156176,
            "train_iou": 0.9032465815544128,
            "train_map": 0.4681897333177546
        },
        "validation_loss": null,
        "validation_iou": 0.7760262489318848,
        "validation_map": 0.2868753047719432
    },
    "epoch_11": {
        "training_loss": {
            "train_loss": 0.10926356800674841,
            "train_iou": 0.8904501795768738,
            "train_map": 0.3667782440999794
        },
        "validation_loss": null,
        "validation_iou": 0.7940906286239624,
        "validation_map": 0.20478551973892437
    },
    "epoch_12": {
        "training_loss": {
            "train_loss": 0.11098154537018397,
            "train_iou": 0.8773053884506226,
            "train_map": 0.22070068004410795
        },
        "validation_loss": null,
        "validation_iou": 0.7568202614784241,
        "validation_map": 0.14375995717553522
    },
    "epoch_13": {
        "training_loss": {
            "train_loss": 0.10788528228019456,
            "train_iou": 0.8936260342597961,
            "train_map": 0.4773742049345861
        },
        "validation_loss": null,
        "validation_iou": 0.7881932258605957,
        "validation_map": 0.2667773700151835
    },
    "epoch_14": {
        "training_loss": {
            "train_loss": 0.08607844653051114,
            "train_iou": 0.9030236601829529,
            "train_map": 0.48600958830026386
        },
        "validation_loss": null,
        "validation_iou": 0.7958217859268188,
        "validation_map": 0.27665134356251375
    },
    "epoch_15": {
        "training_loss": {
            "train_loss": 0.08053516547516092,
            "train_iou": 0.9035507440567017,
            "train_map": 0.5039591325483563
        },
        "validation_loss": null,
        "validation_iou": 0.7913838624954224,
        "validation_map": 0.254904202577709
    },
    "epoch_16": {
        "training_loss": {
            "train_loss": 0.09689737412450496,
            "train_iou": 0.8998482823371887,
            "train_map": 0.4649486689094288
        },
        "validation_loss": null,
        "validation_iou": 0.7750093340873718,
        "validation_map": 0.2693238507743818
    },
    "epoch_17": {
        "training_loss": {
            "train_loss": 0.07842592112117772,
            "train_iou": 0.9005657434463501,
            "train_map": 0.49475309037269327
        },
        "validation_loss": null,
        "validation_iou": 0.7692663669586182,
        "validation_map": 0.2844574569831726
    },
    "epoch_18": {
        "training_loss": {
            "train_loss": 0.09689737412450496,
            "train_iou": 0.8998482823371887,
            "train_map": 0.4649486689094288
        },
        "validation_loss": null,
        "validation_iou": 0.7750093340873718,
        "validation_map": 0.2693238507743818
    },
    "epoch_19": {
        "training_loss": {
            "train_loss": 0.09518393826849467,
            "train_iou": 0.8972599506378174,
            "train_map": 0.48525434507148457
        },
        "validation_loss": null,
        "validation_iou": 0.767300009727478,
        "validation_map": 0.24269268253045798
    },
    "epoch_20": {
        "training_loss": {
            "train_loss": 0.0779460116567017,
            "train_iou": 0.8974456191062927,
            "train_map": 0.6096882798813069
        },
        "validation_loss": null,
        "validation_iou": 0.776253342628479,
        "validation_map": 0.3346057061295793
    },
    "epoch_21": {
        "training_loss": {
            "train_loss": 0.0687571279962674,
            "train_iou": 0.9112385511398315,
            "train_map": 0.5214191260384273
        },
        "validation_loss": null,
        "validation_iou": 0.7894822955131531,
        "validation_map": 0.291787179748058
    },
    "epoch_22": {
        "training_loss": {
            "train_loss": 0.06519489103011941,
            "train_iou": 0.9078612923622131,
            "train_map": 0.7739857926941943
        },
        "validation_loss": null,
        "validation_iou": 0.7579256296157837,
        "validation_map": 0.4013515557413682
    },
    "epoch_23": {
        "training_loss": {
            "train_loss": 0.060523966959662584,
            "train_iou": 0.9058635830879211,
            "train_map": 0.8100070922546869
        },
        "validation_loss": null,
        "validation_iou": 0.7524588704109192,
        "validation_map": 0.4601703579109566
    },
    "epoch_24": {
        "training_loss": {
            "train_loss": 0.054706581117581,
            "train_iou": 0.914380669593811,
            "train_map": 0.7932329584619068
        },
        "validation_loss": null,